file,begin,end,speaker,overall_log_likelihood,speech_log_likelihood,phone_duration_deviation,snr
L002-LESSON,0.0,114.58988662131519,mfa_corpus,-38.560738284318006,-62.038188319052416,4.129483207405877,21.621522998011756
L001-LESSON,0.0,94.3004081632653,mfa_corpus,-35.83129639448568,-61.00930594579344,2.9422473384058865,22.03403426320226
